{
 "description": "T176 v4-floor from expert_neuron_base_v6.json: top98_mean of guarded v4-pooled score (alpha=2.0, outlier=median@10000); floor_per_layer preview rescaled to [15,25].",
 "floor_per_layer": {
  "0": 25,
  "1": 20,
  "2": 19,
  "3": 19,
  "4": 19,
  "5": 19,
  "6": 21,
  "7": 19,
  "8": 19,
  "9": 17,
  "10": 19,
  "11": 18,
  "12": 17,
  "13": 17,
  "14": 17,
  "15": 16,
  "16": 18,
  "17": 17,
  "18": 17,
  "19": 17,
  "20": 17,
  "21": 17,
  "22": 19,
  "23": 18,
  "24": 17,
  "25": 17,
  "26": 17,
  "27": 15,
  "28": 15,
  "29": 15
 },
 "top98_mean_per_layer": {
  "0": 2959.3079100295295,
  "1": 2033.4683281417974,
  "2": 1873.0655851543559,
  "3": 1914.4989193026356,
  "4": 1766.0541698931127,
  "5": 1915.922021921344,
  "6": 2286.606776777579,
  "7": 1851.5682241135105,
  "8": 1843.1551868383374,
  "9": 1574.0839233421245,
  "10": 1900.0807736321372,
  "11": 1581.4446009391424,
  "12": 1490.0618447956383,
  "13": 1467.4896026620147,
  "14": 1456.3913752739222,
  "15": 1289.641041197795,
  "16": 1596.3794196168988,
  "17": 1533.0835795318899,
  "18": 1489.8853006196418,
  "19": 1541.7198039826235,
  "20": 1497.3578821461724,
  "21": 1536.1128637693366,
  "22": 1827.1801925563082,
  "23": 1706.8686623603714,
  "24": 1513.1294462234541,
  "25": 1490.3851105817118,
  "26": 1421.754865428851,
  "27": 1179.401571106698,
  "28": 1113.5710961877805,
  "29": 1150.5533316506035
 }
}