{
 "description": "T176 v4-floor from expert_neuron_base_v7.json: top98_mean of guarded v4-pooled score (alpha=2.0, outlier=median@10000); floor_per_layer preview rescaled to [15,25].",
 "floor_per_layer": {
  "0": 25,
  "1": 18,
  "2": 18,
  "3": 19,
  "4": 19,
  "5": 18,
  "6": 18,
  "7": 17,
  "8": 17,
  "9": 16,
  "10": 20,
  "11": 16,
  "12": 16,
  "13": 16,
  "14": 16,
  "15": 15,
  "16": 16,
  "17": 16,
  "18": 16,
  "19": 16,
  "20": 16,
  "21": 16,
  "22": 17,
  "23": 17,
  "24": 16,
  "25": 16,
  "26": 16,
  "27": 15,
  "28": 15,
  "29": 15
 },
 "top98_mean_per_layer": {
  "0": 26.096143451364984,
  "1": 8.631055685015246,
  "2": 8.633428067444314,
  "3": 10.028046290212913,
  "4": 11.562486684990912,
  "5": 9.343582293824785,
  "6": 7.462366010266447,
  "7": 4.96008708148099,
  "8": 5.678872431492035,
  "9": 3.256580184531449,
  "10": 13.130456390042012,
  "11": 3.7260816646387145,
  "12": 3.3729169255689335,
  "13": 3.0144682925415456,
  "14": 2.865745249323522,
  "15": 1.9832851854472924,
  "16": 3.201449153235743,
  "17": 3.1303435874094,
  "18": 3.077485656430406,
  "19": 3.3042248572270516,
  "20": 3.002075462601102,
  "21": 4.321700695632513,
  "22": 6.34908812384122,
  "23": 5.260093510510364,
  "24": 3.1883686309474206,
  "25": 4.119581183010693,
  "26": 2.659499505416348,
  "27": 1.1172740353077848,
  "28": 0.886436410136047,
  "29": 1.0704352500334045
 }
}